HR_true,kappa,Se_eq_Sp,HR_obs_analytic,HR_obs_sim_median,rel_dev_pct,mc_se_logHR,z,verdict
1.0,0.6,0.8072,1.0,0.9949,0.51,0.00381,1.34,PASS
1.0,0.8,0.9063,1.0,0.9987,0.13,0.0033,0.38,PASS
1.0,0.95,0.9772,1.0,1.002,0.2,0.00395,0.51,PASS
1.2,0.6,0.8072,1.1128,1.1206,0.7,0.00302,2.31,PASS
1.2,0.8,0.9063,1.1553,1.1608,0.48,0.0029,1.64,PASS
1.2,0.95,0.9772,1.1886,1.2042,1.31,0.0035,3.7,FAIL
1.4,0.6,0.8072,1.2208,1.254,2.72,0.00302,8.91,FAIL
1.4,0.8,0.9063,1.3075,1.3438,2.78,0.00326,8.41,FAIL
1.4,0.95,0.9772,1.3764,1.432,4.04,0.00343,11.56,FAIL
