spec,n_risk,n_events,HR,CI_lo,CI_hi,p,penalizer
harm_v1+FE,48640,12906,0.965,0.9171,1.0154,0.17033212868575662,0.001
harm_v1+FE,48640,12906,0.9663,0.921,1.0137,0.16053650764106558,0.01
harm_v1+FE,48640,12906,0.9817,0.9515,1.0127,0.2444083993020417,0.1
harm_v3+FE,40682,13160,0.9576,0.9089,1.0088,0.10331942019421782,0.001
harm_v3+FE,40682,13160,0.9591,0.9127,1.0078,0.09821261258368535,0.01
harm_v3+FE,40682,13160,0.9797,0.947,1.0134,0.2340439048724917,0.1
fullcov_STT+FE,66398,6846,1.0685,0.9875,1.1561,0.09948811967097489,0.001
fullcov_STT+FE,66398,6846,1.0567,0.9879,1.1303,0.10825480955153383,0.01
fullcov_STT+FE,66398,6846,1.0404,1.011,1.0707,0.006751894504569106,0.1
