domain,model,variable,target_class,n,TP,FP,FN,F1,Wilson_lo,Wilson_hi,gate,CI_contains_gate,CI_excludes_gate_below,CI_excludes_gate_above
ECG,qwen2.5:14b,ecg_normal,1,561,217,2,1,0.9931,0.98,0.9977,0.9,False,False,True
ECG,qwen2.5:14b,ecg_af,1,570,58,0,0,1.0,0.9679,1.0,0.9,False,False,True
ECG,qwen2.5:14b,ecg_pac_pvc,1,570,28,1,0,0.9825,0.9071,0.9969,0.9,False,False,True
ECG,qwen2.5:14b,ecg_stt,1,568,126,1,2,0.9882,0.966,0.996,0.9,False,False,True
ECG,qwen2.5:14b,ecg_avblock,1,569,43,6,0,0.9348,0.8649,0.9698,0.9,True,False,False
ECG,qwen2.5:14b,ecg_bbb,1,570,44,0,1,0.9888,0.9391,0.998,0.9,False,False,True
ECG,qwen2.5:14b,ecg_rate,1,570,48,7,0,0.932,0.8663,0.9667,0.9,True,False,False
ECG,qwen2.5:14b,ecg_srirr,1,570,10,0,0,1.0,0.8389,1.0,0.9,True,False,False
ECG,qwen2.5:14b,ecg_axis,1,570,31,0,1,0.9841,0.9154,0.9972,0.9,False,False,True
ECG,qwen2.5:14b,ecg_qwave_mi,1,570,2,0,0,1.0,0.5101,1.0,0.9,True,False,False
ECG,qwen2.5:14b,ecg_other,1,570,25,6,15,0.7042,0.5898,0.7977,0.9,False,True,False
ECG,qwen2.5:14b,ecg_unreadable,1,570,43,2,1,0.9663,0.9055,0.9885,0.9,False,False,True
ECG,qwen2.5:7b,ecg_normal,1,561,217,1,1,0.9954,0.9834,0.9987,0.9,False,False,True
ECG,qwen2.5:7b,ecg_af,1,570,58,0,0,1.0,0.9679,1.0,0.9,False,False,True
ECG,qwen2.5:7b,ecg_pac_pvc,1,570,24,3,4,0.8727,0.7598,0.937,0.9,True,False,False
ECG,qwen2.5:7b,ecg_stt,1,568,118,2,10,0.9516,0.9173,0.9721,0.9,False,False,True
ECG,qwen2.5:7b,ecg_avblock,1,569,43,3,0,0.9663,0.9055,0.9885,0.9,False,False,True
ECG,qwen2.5:7b,ecg_bbb,1,570,41,4,4,0.9111,0.8343,0.9543,0.9,True,False,False
ECG,qwen2.5:7b,ecg_rate,1,570,39,1,9,0.8864,0.8033,0.9371,0.9,True,False,False
ECG,qwen2.5:7b,ecg_srirr,1,570,10,1,0,0.9524,0.7733,0.9915,0.9,True,False,False
ECG,qwen2.5:7b,ecg_axis,1,570,23,0,9,0.8364,0.7174,0.9114,0.9,True,False,False
ECG,qwen2.5:7b,ecg_qwave_mi,1,570,2,0,0,1.0,0.5101,1.0,0.9,True,False,False
ECG,qwen2.5:7b,ecg_other,1,570,3,0,37,0.1395,0.0656,0.2726,0.9,False,True,False
ECG,qwen2.5:7b,ecg_unreadable,1,570,29,1,15,0.7838,0.6773,0.8623,0.9,False,True,False
ECG,glm4:9b,ecg_normal,1,561,217,8,1,0.9797,0.9618,0.9893,0.9,False,False,True
ECG,glm4:9b,ecg_af,1,570,58,0,0,1.0,0.9679,1.0,0.9,False,False,True
ECG,glm4:9b,ecg_pac_pvc,1,570,28,0,0,1.0,0.9358,1.0,0.9,False,False,True
ECG,glm4:9b,ecg_stt,1,568,120,1,8,0.9639,0.9327,0.9809,0.9,False,False,True
ECG,glm4:9b,ecg_avblock,1,569,43,36,0,0.7049,0.6187,0.7786,0.9,False,True,False
ECG,glm4:9b,ecg_bbb,1,570,38,1,7,0.9048,0.8232,0.9509,0.9,True,False,False
ECG,glm4:9b,ecg_rate,1,570,38,4,10,0.8444,0.7557,0.905,0.9,True,False,False
ECG,glm4:9b,ecg_srirr,1,570,10,1,0,0.9524,0.7733,0.9915,0.9,True,False,False
ECG,glm4:9b,ecg_axis,1,570,25,11,7,0.7353,0.6199,0.8255,0.9,False,True,False
ECG,glm4:9b,ecg_qwave_mi,1,570,2,0,0,1.0,0.5101,1.0,0.9,True,False,False
ECG,glm4:9b,ecg_other,1,570,10,7,30,0.3509,0.24,0.4806,0.9,False,True,False
ECG,glm4:9b,ecg_unreadable,1,570,26,1,18,0.7324,0.6195,0.8215,0.9,False,True,False
ECHO,qwen2.5:14b,echo_lvh,1,298,28,3,0,0.9492,0.8608,0.9826,0.9,True,False,False
ECHO,qwen2.5:14b,echo_la_dilate,1,298,33,8,0,0.8919,0.8009,0.9442,0.9,True,False,False
ECHO,qwen2.5:14b,echo_normal,0,298,224,1,2,0.9933,0.9806,0.9977,0.9,False,False,True
ECHO,qwen2.5:14b,echo_variant,1,297,67,14,5,0.8758,0.8142,0.919,0.9,True,False,False
ECHO,qwen2.5:14b,ef_abnormal,1,298,15,0,0,1.0,0.8865,1.0,0.9,True,False,False
ECHO,qwen2.5:14b,reflux_grade,none,298,84,0,1,0.9941,0.9672,0.999,0.9,False,False,True
ECHO,qwen2.5:14b,reflux_grade,trace_mild,298,100,4,5,0.9569,0.9202,0.9772,0.9,False,False,True
ECHO,qwen2.5:14b,reflux_grade,moderate,298,99,6,6,0.9429,0.9028,0.967,0.9,False,False,True
ECHO,qwen2.5:14b,echo_unreadable,1,300,2,0,0,1.0,0.5101,1.0,0.9,True,False,False
ECHO,qwen2.5:7b,echo_lvh,1,298,27,3,1,0.931,0.8357,0.9729,0.9,True,False,False
ECHO,qwen2.5:7b,echo_la_dilate,1,298,24,2,9,0.8136,0.6962,0.8926,0.9,False,True,False
ECHO,qwen2.5:7b,echo_normal,0,298,223,1,3,0.9911,0.9774,0.9965,0.9,False,False,True
ECHO,qwen2.5:7b,echo_variant,1,297,67,31,5,0.7882,0.7208,0.8429,0.9,False,True,False
ECHO,qwen2.5:7b,ef_abnormal,1,298,15,0,0,1.0,0.8865,1.0,0.9,True,False,False
ECHO,qwen2.5:7b,reflux_grade,none,298,84,0,1,0.9941,0.9672,0.999,0.9,False,False,True
ECHO,qwen2.5:7b,reflux_grade,trace_mild,298,102,24,3,0.8831,0.8353,0.9184,0.9,True,False,False
ECHO,qwen2.5:7b,reflux_grade,moderate,298,82,6,23,0.8497,0.7925,0.8933,0.9,False,True,False
ECHO,qwen2.5:7b,echo_unreadable,1,300,2,0,0,1.0,0.5101,1.0,0.9,True,False,False
ECHO,glm4:9b,echo_lvh,1,298,8,2,20,0.4211,0.2785,0.5781,0.9,False,True,False
ECHO,glm4:9b,echo_la_dilate,1,298,20,2,13,0.7273,0.5977,0.8272,0.9,False,True,False
ECHO,glm4:9b,echo_normal,0,298,222,1,4,0.9889,0.9742,0.9952,0.9,False,False,True
ECHO,glm4:9b,echo_variant,1,297,59,12,13,0.8252,0.7546,0.8787,0.9,False,True,False
ECHO,glm4:9b,ef_abnormal,1,298,15,0,0,1.0,0.8865,1.0,0.9,True,False,False
ECHO,glm4:9b,reflux_grade,none,298,84,0,1,0.9941,0.9672,0.999,0.9,False,False,True
ECHO,glm4:9b,reflux_grade,trace_mild,298,76,0,29,0.8398,0.7794,0.8861,0.9,False,True,False
ECHO,glm4:9b,reflux_grade,moderate,298,52,28,53,0.5622,0.4901,0.6317,0.9,False,True,False
ECHO,glm4:9b,reflux_grade,severe,298,3,55,0,0.0984,0.0459,0.1984,0.9,False,True,False
ECHO,glm4:9b,echo_unreadable,1,300,2,0,0,1.0,0.5101,1.0,0.9,True,False,False
